Name,Date,Location,Type,Region,Weather
Hunt for Sleeping Giants | National Geographic Live,Now through 2/27/2024,Benaroya Hall,Readings & Lectures,Downtown,"Rain. Cloudy. High near 46, with temperatures falling to around 44 in the afternoon. South wind around 10 mph. Chance of precipitation is 80%. New rainfall amounts less than a tenth of an inch possible."
Big Tooth,2/27/2024,Sea Monster Lounge,Music,Wallingford / Greenlake,"Rain and snow. Cloudy, with a high near 43. South southeast wind around 9 mph. Chance of precipitation is 80%. New rainfall amounts less than a tenth of an inch possible."
Eric Klinenberg,2/27/2024,Town Hall Seattle,Readings & Lectures,Downtown,"Rain and snow. Cloudy, with a high near 44. South wind around 9 mph. Chance of precipitation is 80%. New rainfall amounts less than a tenth of an inch possible."
Fresh Dressed – smARTfilms: Black Luxury,2/27/2024,Bainbridge Island Museum of Art,Museums,West,Error fetching weather
Joy Harjo,2/27/2024,Town Hall Seattle,Readings & Lectures,Downtown,"Rain and snow. Cloudy, with a high near 44. South wind around 9 mph. Chance of precipitation is 80%. New rainfall amounts less than a tenth of an inch possible."
Kelsy Karter and The Heroines,2/27/2024,Funhouse,Music,Capitol Hill / Central District,Error fetching weather
Ron Pope,2/27/2024,The Triple Door,Music,Downtown,"Rain. Cloudy. High near 46, with temperatures falling to around 44 in the afternoon. South wind around 10 mph. Chance of precipitation is 80%. New rainfall amounts less than a tenth of an inch possible."
Anand Gopal,2/28/2024,Town Hall Seattle,Readings & Lectures,Downtown,"Rain and snow. Cloudy, with a high near 44. South wind around 9 mph. Chance of precipitation is 80%. New rainfall amounts less than a tenth of an inch possible."
Dianne Reeves,2/28/2024,Town Hall Seattle,Music,Downtown,"Rain and snow. Cloudy, with a high near 44. South wind around 9 mph. Chance of precipitation is 80%. New rainfall amounts less than a tenth of an inch possible."
He Films The Clouds,2/28/2024,Funhouse,Music,Capitol Hill / Central District,Error fetching weather
Kassa Overall,2/28/2024,Nectar Lounge,Music,Fremont / Ballard,"Rain and snow. Cloudy, with a high near 44. South wind around 10 mph. Chance of precipitation is 80%. New rainfall amounts less than a tenth of an inch possible."
Playboi Carti,2/28/2024,Climate Pledge Arena,Music,Queen Anne / Seattle Center,"Rain. Cloudy. High near 45, with temperatures falling to around 43 in the afternoon. South wind around 10 mph. Chance of precipitation is 80%. New rainfall amounts less than a tenth of an inch possible."
Tommy Castro and The Painkillers,2/28/2024,The Triple Door,Music,Downtown,"Rain. Cloudy. High near 46, with temperatures falling to around 44 in the afternoon. South wind around 10 mph. Chance of precipitation is 80%. New rainfall amounts less than a tenth of an inch possible."
Winter Brilliance,Now through 2/29/2024,Chihuly Garden and Glass,Museums,Queen Anne / Seattle Center,"Rain. Cloudy. High near 45, with temperatures falling to around 43 in the afternoon. South wind around 10 mph. Chance of precipitation is 80%. New rainfall amounts less than a tenth of an inch possible."
Seattle Museum Month,Now through 2/29/2024,Downtown Seattle,Museums,Downtown,"Rain and snow. Cloudy, with a high near 44. South wind around 9 mph. Chance of precipitation is 80%. New rainfall amounts less than a tenth of an inch possible."
Corey Harris and Cedric Watson,2/29/2024,The Triple Door,Music,Downtown,"Rain. Cloudy. High near 46, with temperatures falling to around 44 in the afternoon. South wind around 10 mph. Chance of precipitation is 80%. New rainfall amounts less than a tenth of an inch possible."
JNA and Tavia Rhodes,2/29/2024,The Royal Room,Music,South Seattle,"Rain. Cloudy, with a high near 44. South wind around 9 mph. Chance of precipitation is 80%. New rainfall amounts less than a tenth of an inch possible."
Julian Lage,2/29/2024,Town Hall Seattle,Music,Downtown,"Rain and snow. Cloudy, with a high near 44. South wind around 9 mph. Chance of precipitation is 80%. New rainfall amounts less than a tenth of an inch possible."
MarchFourth,2/29/2024,Nectar Lounge,Music,Fremont / Ballard,"Rain and snow. Cloudy, with a high near 44. South wind around 10 mph. Chance of precipitation is 80%. New rainfall amounts less than a tenth of an inch possible."
Quilts,2/29/2024,Sunset Tavern,Music,Fremont / Ballard,"Rain. Cloudy, with a high near 44. South wind 12 to 15 mph. Chance of precipitation is 80%. New rainfall amounts less than a tenth of an inch possible."
Seattle Kraken vs. Pittsburgh Penguins,2/29/2024,Climate Pledge Arena,Sports,Queen Anne / Seattle Center,"Rain. Cloudy. High near 45, with temperatures falling to around 43 in the afternoon. South wind around 10 mph. Chance of precipitation is 80%. New rainfall amounts less than a tenth of an inch possible."
The Human Family,2/29/2024,LANGSTON Seattle,Music,Capitol Hill / Central District,"Rain and snow. Cloudy, with a high near 44. South wind around 9 mph. Chance of precipitation is 80%. New rainfall amounts less than a tenth of an inch possible."
Abbigale,3/1/2024,Slim's Last Chance,Music,South Seattle,"Rain. Cloudy, with a high near 45. South wind around 9 mph. Chance of precipitation is 80%. New rainfall amounts less than a tenth of an inch possible."
Conjuring Up Monsterz,3/1/2024,Funhouse,Music,Capitol Hill / Central District,Error fetching weather
Enjambre,3/1/2024,Nectar Lounge,Music,Fremont / Ballard,"Rain and snow. Cloudy, with a high near 44. South wind around 10 mph. Chance of precipitation is 80%. New rainfall amounts less than a tenth of an inch possible."
Fall Out Boy,3/1/2024,Climate Pledge Arena,Readings & Lectures,Queen Anne / Seattle Center,"Rain. Cloudy. High near 45, with temperatures falling to around 43 in the afternoon. South wind around 10 mph. Chance of precipitation is 80%. New rainfall amounts less than a tenth of an inch possible."
Global Rhythms: Justin Adams and Mauro Durante,3/1/2024,Town Hall Seattle,Music,Downtown,"Rain and snow. Cloudy, with a high near 44. South wind around 9 mph. Chance of precipitation is 80%. New rainfall amounts less than a tenth of an inch possible."
Sloane Crosley with Ben Gibbard,3/1/2024,Town Hall Seattle,Readings & Lectures,Downtown,"Rain and snow. Cloudy, with a high near 44. South wind around 9 mph. Chance of precipitation is 80%. New rainfall amounts less than a tenth of an inch possible."
Supernova,3/1/2024,The Triple Door,Music,Downtown,"Rain. Cloudy. High near 46, with temperatures falling to around 44 in the afternoon. South wind around 10 mph. Chance of precipitation is 80%. New rainfall amounts less than a tenth of an inch possible."
Tacoma Stars vs. Harrisburg Heat,3/1/2024,accesso ShoWare Center,Sports,South,Error fetching weather
Tommy Emmanuel,3/1/2024,The Moore Theatre,Music,Downtown,Error fetching weather
Facades,Now through 3/2/2024,Harris Harvey Gallery,Visual Arts & Galleries,Downtown,"Rain. Cloudy. High near 46, with temperatures falling to around 44 in the afternoon. South wind around 10 mph. Chance of precipitation is 80%. New rainfall amounts less than a tenth of an inch possible."
Black Tiger Sex Machine,3/1/2024 through 3/2/2024,WaMu Theater,Music,Pioneer Square,"Rain. Cloudy, with a high near 45. South wind around 9 mph. Chance of precipitation is 80%. New rainfall amounts less than a tenth of an inch possible."
Conrad Tao’s Playlist,3/1/2024 through 3/2/2024,Benaroya Hall,Music,Downtown,"Rain. Cloudy. High near 46, with temperatures falling to around 44 in the afternoon. South wind around 10 mph. Chance of precipitation is 80%. New rainfall amounts less than a tenth of an inch possible."
SuperFolk Festival,3/1/2024 through 3/2/2024,Washington State History Museum,Museums,South,"Rain and snow. Cloudy, with a high near 44. South southeast wind around 9 mph. Chance of precipitation is 80%. New rainfall amounts less than a tenth of an inch possible."
Brian Culbertson,3/2/2024,The Moore Theatre,Music,Downtown,Error fetching weather
Celebrating 50 Years of Dilla,3/2/2024,The Royal Room,Music,South Seattle,"Rain. Cloudy, with a high near 44. South wind around 9 mph. Chance of precipitation is 80%. New rainfall amounts less than a tenth of an inch possible."
Clinton Fearon and The Boogie Brown Band,3/2/2024,Nectar Lounge,Music,Fremont / Ballard,"Rain and snow. Cloudy, with a high near 44. South wind around 10 mph. Chance of precipitation is 80%. New rainfall amounts less than a tenth of an inch possible."
Crypta,3/2/2024,El Corazon,Music,Downtown,"Rain and snow. Cloudy, with a high near 43. South wind around 9 mph. Chance of precipitation is 80%. New rainfall amounts less than a tenth of an inch possible."
Making Sense of Murmurations with Dr. Natalie Hofmeister,3/2/2024,National Nordic Museum,Museums,Fremont / Ballard,"Rain. Cloudy, with a high near 44. South wind 12 to 15 mph. Chance of precipitation is 80%. New rainfall amounts less than a tenth of an inch possible."
Millhous,3/2/2024,Slim's Last Chance,Music,South Seattle,"Rain. Cloudy, with a high near 45. South wind around 9 mph. Chance of precipitation is 80%. New rainfall amounts less than a tenth of an inch possible."
Not Fade Away – A Tribute to Buddy Holly,3/2/2024,The Triple Door,Music,Downtown,"Rain. Cloudy. High near 46, with temperatures falling to around 44 in the afternoon. South wind around 10 mph. Chance of precipitation is 80%. New rainfall amounts less than a tenth of an inch possible."
Seattle Kraken vs. Edmonton Oilers,3/2/2024,Climate Pledge Arena,Sports,Queen Anne / Seattle Center,"Rain. Cloudy. High near 45, with temperatures falling to around 43 in the afternoon. South wind around 10 mph. Chance of precipitation is 80%. New rainfall amounts less than a tenth of an inch possible."
Seattle Sounders FC vs. Austin FC,3/2/2024,Lumen Field,Sports,Pioneer Square,"Rain and snow. Cloudy, with a high near 44. South wind around 9 mph. Chance of precipitation is 80%. New rainfall amounts less than a tenth of an inch possible."
Emerald City Comic Con,2/29/2024 through 3/3/2024,Seattle Convention Center,Festivals & Special Events,Downtown,"Rain and snow. Cloudy, with a high near 44. South wind around 9 mph. Chance of precipitation is 80%. New rainfall amounts less than a tenth of an inch possible."
Freakout Weekender,3/2/2024 through 3/3/2024,The Crocodile,Music,Downtown,"Rain. Cloudy. High near 45, with temperatures falling to around 43 in the afternoon. South wind around 10 mph. Chance of precipitation is 80%. New rainfall amounts less than a tenth of an inch possible."
Alexperience,3/3/2024,The Moore Theatre,Theatre,Downtown,Error fetching weather
Barbara McQuade with Jenny Durkan,3/3/2024,Town Hall Seattle,Readings & Lectures,Downtown,"Rain and snow. Cloudy, with a high near 44. South wind around 9 mph. Chance of precipitation is 80%. New rainfall amounts less than a tenth of an inch possible."
Briscoe,3/3/2024,Tractor Tavern,Music,Fremont / Ballard,"Rain. Cloudy, with a high near 44. South wind around 10 mph. Chance of precipitation is 80%. New rainfall amounts less than a tenth of an inch possible."
David Nihill,3/3/2024,The Neptune Theatre,Theatre,University District,Error fetching weather
Jim Knapp Orchestra,3/3/2024,The Royal Room,Music,South Seattle,"Rain. Cloudy, with a high near 44. South wind around 9 mph. Chance of precipitation is 80%. New rainfall amounts less than a tenth of an inch possible."
Meow Meow,3/3/2024,The Triple Door,Theatre,Downtown,"Rain. Cloudy. High near 46, with temperatures falling to around 44 in the afternoon. South wind around 10 mph. Chance of precipitation is 80%. New rainfall amounts less than a tenth of an inch possible."
Tacoma Stars vs. Harrisburg Heat,3/3/2024,accesso ShoWare Center,Music,South,Error fetching weather
Back to Black: The Amy Winehouse Experience,3/3/2024 through 3/4/2024,Sunset Tavern,Music,Fremont / Ballard,"Rain. Cloudy, with a high near 44. South wind 12 to 15 mph. Chance of precipitation is 80%. New rainfall amounts less than a tenth of an inch possible."
Dr. Rajiv Shah,3/4/2024,Town Hall Seattle,Readings & Lectures,Downtown,"Rain and snow. Cloudy, with a high near 44. South wind around 9 mph. Chance of precipitation is 80%. New rainfall amounts less than a tenth of an inch possible."
Empty Graves,3/5/2024,Funhouse,Music,Capitol Hill / Central District,Error fetching weather
Evan Dando (of the Lemonheads),3/5/2024,The Triple Door,Music,Downtown,"Rain. Cloudy. High near 46, with temperatures falling to around 44 in the afternoon. South wind around 10 mph. Chance of precipitation is 80%. New rainfall amounts less than a tenth of an inch possible."
Eve’s Bayou – smARTfilms: Black Luxury,3/5/2024,Bainbridge Island Museum of Art,Museums,West,Error fetching weather
Frond,3/5/2024,Sunset Tavern,Music,Fremont / Ballard,"Rain. Cloudy, with a high near 44. South wind 12 to 15 mph. Chance of precipitation is 80%. New rainfall amounts less than a tenth of an inch possible."
Marc E. Bassy,3/5/2024,Neumos,Music,Capitol Hill / Central District,"Rain and snow. Cloudy, with a high near 44. South wind around 9 mph. Chance of precipitation is 80%. New rainfall amounts less than a tenth of an inch possible."
Maria Jose Llergo,3/6/2024,The Triple Door,Music,Downtown,"Rain. Cloudy. High near 46, with temperatures falling to around 44 in the afternoon. South wind around 10 mph. Chance of precipitation is 80%. New rainfall amounts less than a tenth of an inch possible."
Shawn Phillips,3/6/2024,The Triple Door,Music,Downtown,"Rain. Cloudy. High near 46, with temperatures falling to around 44 in the afternoon. South wind around 10 mph. Chance of precipitation is 80%. New rainfall amounts less than a tenth of an inch possible."
Atlus,3/7/2024,Nectar Lounge,Music,Fremont / Ballard,"Rain and snow. Cloudy, with a high near 44. South wind around 10 mph. Chance of precipitation is 80%. New rainfall amounts less than a tenth of an inch possible."
Critical Mass Big Band,3/7/2024,The Royal Room,Music,South Seattle,"Rain. Cloudy, with a high near 44. South wind around 9 mph. Chance of precipitation is 80%. New rainfall amounts less than a tenth of an inch possible."
Rick Estrin and The Nightcats,3/7/2024,The Triple Door,Music,Downtown,"Rain. Cloudy. High near 46, with temperatures falling to around 44 in the afternoon. South wind around 10 mph. Chance of precipitation is 80%. New rainfall amounts less than a tenth of an inch possible."
Theresa Caputo Live,3/7/2024,The Moore Theatre,Theatre,Downtown,Error fetching weather
Calidore Quartet & Abeo Quartet,3/8/2024,415 Westlake,Music,Queen Anne / Seattle Center,"Rain and snow. Cloudy, with a high near 43. South wind around 9 mph. Chance of precipitation is 80%. New rainfall amounts less than a tenth of an inch possible."
Debut,3/8/2024,Barboza,Music,Capitol Hill / Central District,"Rain and snow. Cloudy, with a high near 44. South wind around 9 mph. Chance of precipitation is 80%. New rainfall amounts less than a tenth of an inch possible."
Holding / Movement,3/8/2024,Benaroya Hall,Music,Downtown,"Rain. Cloudy. High near 46, with temperatures falling to around 44 in the afternoon. South wind around 10 mph. Chance of precipitation is 80%. New rainfall amounts less than a tenth of an inch possible."
International Women’s Day Live Sessions Concert,3/8/2024,The Royal Room,Music,South Seattle,"Rain. Cloudy, with a high near 44. South wind around 9 mph. Chance of precipitation is 80%. New rainfall amounts less than a tenth of an inch possible."
Karla Bonoff,3/8/2024,The Triple Door,Music,Downtown,"Rain. Cloudy. High near 46, with temperatures falling to around 44 in the afternoon. South wind around 10 mph. Chance of precipitation is 80%. New rainfall amounts less than a tenth of an inch possible."
Seattle Kraken vs. Winnipeg Jets,3/8/2024,Climate Pledge Arena,Sports,Queen Anne / Seattle Center,"Rain. Cloudy. High near 45, with temperatures falling to around 43 in the afternoon. South wind around 10 mph. Chance of precipitation is 80%. New rainfall amounts less than a tenth of an inch possible."
Frye in Focus: LINEAJES + Frye Salon,Now through 3/9/2024,Frye Art Museum,Museums,Capitol Hill / Central District,"Rain and snow. Cloudy, with a high near 44. South wind around 9 mph. Chance of precipitation is 80%. New rainfall amounts less than a tenth of an inch possible."
X:The Life and Times of Malcolm X,Now through 3/9/2024,Marion Oliver McCaw Hall,Music,Queen Anne / Seattle Center,"Rain. Cloudy. High near 45, with temperatures falling to around 43 in the afternoon. South wind around 10 mph. Chance of precipitation is 80%. New rainfall amounts less than a tenth of an inch possible."
Bach St. John Passion,3/7/2024 through 3/9/2024,Benaroya Hall,Music,Downtown,"Rain. Cloudy. High near 46, with temperatures falling to around 44 in the afternoon. South wind around 10 mph. Chance of precipitation is 80%. New rainfall amounts less than a tenth of an inch possible."
Ariel Pink,3/9/2024,El Corazon,Music,Downtown,"Rain and snow. Cloudy, with a high near 43. South wind around 9 mph. Chance of precipitation is 80%. New rainfall amounts less than a tenth of an inch possible."
Biblioteka,3/9/2024,Sunset Tavern,Music,Fremont / Ballard,"Rain. Cloudy, with a high near 44. South wind 12 to 15 mph. Chance of precipitation is 80%. New rainfall amounts less than a tenth of an inch possible."
Carnaval with EntreMundos Big Band,3/9/2024,The Royal Room,Music,South Seattle,"Rain. Cloudy, with a high near 44. South wind around 9 mph. Chance of precipitation is 80%. New rainfall amounts less than a tenth of an inch possible."
Coco Montoya,3/9/2024,The Triple Door,Music,Downtown,"Rain. Cloudy. High near 46, with temperatures falling to around 44 in the afternoon. South wind around 10 mph. Chance of precipitation is 80%. New rainfall amounts less than a tenth of an inch possible."
Helene Grimaud,3/9/2024,Meany Center for the Performing Arts,Music,University District,Error fetching weather
Josiah and the Bonnevilles,3/9/2024,Barboza,Music,Capitol Hill / Central District,"Rain and snow. Cloudy, with a high near 44. South wind around 9 mph. Chance of precipitation is 80%. New rainfall amounts less than a tenth of an inch possible."
Mahan Esfahan,3/9/2024,Town Hall Seattle,Music,Downtown,"Rain and snow. Cloudy, with a high near 44. South wind around 9 mph. Chance of precipitation is 80%. New rainfall amounts less than a tenth of an inch possible."
Positive Fragmentation,Now through 3/10/2024,Bellevue Arts Museum,Museums,Bellevue / Eastside,Error fetching weather
Antonio M. Gomez: LINEAJES,Now through 3/10/2024,Frye Art Museum,Museums,Capitol Hill / Central District,"Rain and snow. Cloudy, with a high near 44. South wind around 9 mph. Chance of precipitation is 80%. New rainfall amounts less than a tenth of an inch possible."
Soren Solkaer: Sort Sol,Now through 3/10/2024,National Nordic Museum,Museums,Fremont / Ballard,"Rain. Cloudy, with a high near 44. South wind 12 to 15 mph. Chance of precipitation is 80%. New rainfall amounts less than a tenth of an inch possible."
Luchadora!,Now through 3/10/2024,Seattle Children's Theatre,Theatre,Queen Anne / Seattle Center,"Rain. Cloudy. High near 45, with temperatures falling to around 43 in the afternoon. South wind around 10 mph. Chance of precipitation is 80%. New rainfall amounts less than a tenth of an inch possible."
Deseo Carmin,3/10/2024,Sea Monster Lounge,Music,Wallingford / Greenlake,"Rain and snow. Cloudy, with a high near 43. South southeast wind around 9 mph. Chance of precipitation is 80%. New rainfall amounts less than a tenth of an inch possible."
Rhapsody in Shmaltz,3/10/2024,The Royal Room,Music,South Seattle,"Rain. Cloudy, with a high near 44. South wind around 9 mph. Chance of precipitation is 80%. New rainfall amounts less than a tenth of an inch possible."
Angie McMahon,3/11/2024,The Crocodile,Music,Downtown,"Rain. Cloudy. High near 45, with temperatures falling to around 43 in the afternoon. South wind around 10 mph. Chance of precipitation is 80%. New rainfall amounts less than a tenth of an inch possible."
Earshot Golden Ear Awards Party: Jun Iida,3/11/2024,The Royal Room,Music,South Seattle,"Rain. Cloudy, with a high near 44. South wind around 9 mph. Chance of precipitation is 80%. New rainfall amounts less than a tenth of an inch possible."
Sasha LaPointe,3/11/2024,Town Hall Seattle,Readings & Lectures,Downtown,"Rain and snow. Cloudy, with a high near 44. South wind around 9 mph. Chance of precipitation is 80%. New rainfall amounts less than a tenth of an inch possible."
Wild Cats Revealed | National Geographic Live,3/10/2024 through 3/12/2024,Benaroya Hall,Readings & Lectures,Downtown,"Rain. Cloudy. High near 46, with temperatures falling to around 44 in the afternoon. South wind around 10 mph. Chance of precipitation is 80%. New rainfall amounts less than a tenth of an inch possible."
Seattle Kraken vs. Vegas Golden Knights,3/12/2024,Climate Pledge Arena,Sports,Queen Anne / Seattle Center,"Rain. Cloudy. High near 45, with temperatures falling to around 43 in the afternoon. South wind around 10 mph. Chance of precipitation is 80%. New rainfall amounts less than a tenth of an inch possible."
Special EFX All Stars,3/12/2024,The Triple Door,Music,Downtown,"Rain. Cloudy. High near 46, with temperatures falling to around 44 in the afternoon. South wind around 10 mph. Chance of precipitation is 80%. New rainfall amounts less than a tenth of an inch possible."
Black Uhuru,3/13/2024,Nectar Lounge,Music,Fremont / Ballard,"Rain and snow. Cloudy, with a high near 44. South wind around 10 mph. Chance of precipitation is 80%. New rainfall amounts less than a tenth of an inch possible."
Cody Bartels,3/13/2024,High Dive,Music,Fremont / Ballard,"Rain and snow. Cloudy, with a high near 44. South wind around 10 mph. Chance of precipitation is 80%. New rainfall amounts less than a tenth of an inch possible."
Eyedress,3/13/2024,The Showbox,Music,Downtown,"Rain. Cloudy. High near 46, with temperatures falling to around 44 in the afternoon. South wind around 10 mph. Chance of precipitation is 80%. New rainfall amounts less than a tenth of an inch possible."
Kendra Morris,3/13/2024,Sunset Tavern,Music,Fremont / Ballard,"Rain. Cloudy, with a high near 44. South wind 12 to 15 mph. Chance of precipitation is 80%. New rainfall amounts less than a tenth of an inch possible."
My Dinner with SAM,3/13/2024,Seattle Art Museum,Museums,Downtown,"Rain. Cloudy. High near 46, with temperatures falling to around 44 in the afternoon. South wind around 10 mph. Chance of precipitation is 80%. New rainfall amounts less than a tenth of an inch possible."
Tim Berne Trio,3/13/2024,The Royal Room,Music,South Seattle,"Rain. Cloudy, with a high near 44. South wind around 9 mph. Chance of precipitation is 80%. New rainfall amounts less than a tenth of an inch possible."
Cool Company,3/14/2024,High Dive,Music,Fremont / Ballard,"Rain and snow. Cloudy, with a high near 44. South wind around 10 mph. Chance of precipitation is 80%. New rainfall amounts less than a tenth of an inch possible."
Seattle Kraken vs. Washington Capitals,3/14/2024,Climate Pledge Arena,Sports,Queen Anne / Seattle Center,"Rain. Cloudy. High near 45, with temperatures falling to around 43 in the afternoon. South wind around 10 mph. Chance of precipitation is 80%. New rainfall amounts less than a tenth of an inch possible."
Taste Washington: Pacific Standard,3/14/2024,Pier 62,Festivals & Special Events,Downtown,"Rain. Cloudy. High near 46, with temperatures falling to around 44 in the afternoon. South wind around 10 mph. Chance of precipitation is 80%. New rainfall amounts less than a tenth of an inch possible."
"The Lord of the Rings, The Return of the King",3/14/2024,National Nordic Museum,Museums,Fremont / Ballard,"Rain. Cloudy, with a high near 44. South wind 12 to 15 mph. Chance of precipitation is 80%. New rainfall amounts less than a tenth of an inch possible."
Autoheart,3/15/2024,El Corazon,Music,Downtown,"Rain and snow. Cloudy, with a high near 43. South wind around 9 mph. Chance of precipitation is 80%. New rainfall amounts less than a tenth of an inch possible."
Drew Martin,3/15/2024,Sunset Tavern,Music,Fremont / Ballard,"Rain. Cloudy, with a high near 44. South wind 12 to 15 mph. Chance of precipitation is 80%. New rainfall amounts less than a tenth of an inch possible."
Goose Vargis,3/15/2024,High Dive,Music,Fremont / Ballard,"Rain and snow. Cloudy, with a high near 44. South wind around 10 mph. Chance of precipitation is 80%. New rainfall amounts less than a tenth of an inch possible."
MitiS,3/15/2024,Showbox SoDo,Music,Pioneer Square,"Rain. Cloudy, with a high near 45. South wind around 9 mph. Chance of precipitation is 80%. New rainfall amounts less than a tenth of an inch possible."
Shakey,3/15/2024,Slim's Last Chance,Music,South Seattle,"Rain. Cloudy, with a high near 45. South wind around 9 mph. Chance of precipitation is 80%. New rainfall amounts less than a tenth of an inch possible."
Taste Washington: The New Vintage,3/15/2024,Pier 62,Festivals & Special Events,Downtown,"Rain. Cloudy. High near 46, with temperatures falling to around 44 in the afternoon. South wind around 10 mph. Chance of precipitation is 80%. New rainfall amounts less than a tenth of an inch possible."
Taylor Rave,3/15/2024,The Showbox,Music,Downtown,"Rain. Cloudy. High near 46, with temperatures falling to around 44 in the afternoon. South wind around 10 mph. Chance of precipitation is 80%. New rainfall amounts less than a tenth of an inch possible."
The Snuts,3/15/2024,Barboza,Music,Capitol Hill / Central District,"Rain and snow. Cloudy, with a high near 44. South wind around 9 mph. Chance of precipitation is 80%. New rainfall amounts less than a tenth of an inch possible."
Tuomo and Markus Concert,3/15/2024,National Nordic Museum,Museums,Fremont / Ballard,"Rain. Cloudy, with a high near 44. South wind 12 to 15 mph. Chance of precipitation is 80%. New rainfall amounts less than a tenth of an inch possible."
Mark Morris Dance Group: The Look of Love,3/14/2024 through 3/16/2024,Meany Center for the Performing Arts,Music,University District,Error fetching weather
Sibelius & Nielsen,3/14/2024 through 3/16/2024,Benaroya Hall,Music,Downtown,"Rain. Cloudy. High near 46, with temperatures falling to around 44 in the afternoon. South wind around 10 mph. Chance of precipitation is 80%. New rainfall amounts less than a tenth of an inch possible."
Tacoma Stars vs. Chihuahua Savage,3/15/2024 through 3/16/2024,accesso ShoWare Center,Sports,South,Error fetching weather
Matt Hansen,3/16/2024,Barboza,Music,Capitol Hill / Central District,"Rain and snow. Cloudy, with a high near 44. South wind around 9 mph. Chance of precipitation is 80%. New rainfall amounts less than a tenth of an inch possible."
Ricky Montgomery,3/16/2024,The Showbox,Music,Downtown,"Rain. Cloudy. High near 46, with temperatures falling to around 44 in the afternoon. South wind around 10 mph. Chance of precipitation is 80%. New rainfall amounts less than a tenth of an inch possible."
Seattle Kraken vs. Nashville Predators,3/16/2024,Climate Pledge Arena,Sports,Queen Anne / Seattle Center,"Rain. Cloudy. High near 45, with temperatures falling to around 43 in the afternoon. South wind around 10 mph. Chance of precipitation is 80%. New rainfall amounts less than a tenth of an inch possible."
Seattle Sounders FC vs. Colorado Rapids,3/16/2024,Lumen Field,Sports,Pioneer Square,"Rain and snow. Cloudy, with a high near 44. South wind around 9 mph. Chance of precipitation is 80%. New rainfall amounts less than a tenth of an inch possible."
Taste Washington: The Seminars,3/16/2024,"Seattle, WA",Festivals & Special Events,Downtown,"Rain and snow. Cloudy, with a high near 43. South wind around 9 mph. Chance of precipitation is 80%. New rainfall amounts less than a tenth of an inch possible."
Warren Zeiders,3/16/2024,Showbox SoDo,Music,Pioneer Square,"Rain. Cloudy, with a high near 45. South wind around 9 mph. Chance of precipitation is 80%. New rainfall amounts less than a tenth of an inch possible."
Native Portraiture: Power and Perception,Now through 3/17/2024,Tacoma Art Museum,Museums,South,Error fetching weather
Places to Call Home: Settlements in the West,Now through 3/17/2024,Tacoma Art Museum,Museums,South,Error fetching weather
Nobody Lives Here,Now through 3/17/2024,Wing Luke Museum,Museums,International District,"Rain and snow. Cloudy, with a high near 44. South wind around 9 mph. Chance of precipitation is 80%. New rainfall amounts less than a tenth of an inch possible."
Seattle Jewish Film Festival,3/2/2024 through 3/17/2024,"Seattle, WA",Festivals & Special Events,Downtown,"Rain and snow. Cloudy, with a high near 43. South wind around 8 mph. Chance of precipitation is 80%. New rainfall amounts less than a tenth of an inch possible."
Rootabaga Country,3/8/2024 through 3/17/2024,Opera Center,Music,Queen Anne / Seattle Center,"Rain. Cloudy. High near 45, with temperatures falling to around 43 in the afternoon. South wind around 10 mph. Chance of precipitation is 80%. New rainfall amounts less than a tenth of an inch possible."
Judith Hill – Letters from A Black Widow Tour,3/14/2024 through 3/17/2024,Dimitriou's Jazz Alley,Music,Downtown,"Rain. Cloudy. High near 46, with temperatures falling to around 44 in the afternoon. South wind around 10 mph. Chance of precipitation is 80%. New rainfall amounts less than a tenth of an inch possible."
Festal: Irish Festival Seattle,3/16/2024 through 3/17/2024,Seattle Center,Festivals & Special Events,Queen Anne / Seattle Center,"Rain. Cloudy. High near 45, with temperatures falling to around 43 in the afternoon. South wind around 10 mph. Chance of precipitation is 80%. New rainfall amounts less than a tenth of an inch possible."
Taste Washington: The Grand Tasting,3/16/2024 through 3/17/2024,Lumen Field,Festivals & Special Events,Pioneer Square,"Rain and snow. Cloudy, with a high near 44. South wind around 9 mph. Chance of precipitation is 80%. New rainfall amounts less than a tenth of an inch possible."
BAS,3/17/2024,Neumos,Music,Capitol Hill / Central District,"Rain and snow. Cloudy, with a high near 44. South wind around 9 mph. Chance of precipitation is 80%. New rainfall amounts less than a tenth of an inch possible."
Brad Parsons,3/17/2024,High Dive,Music,Fremont / Ballard,"Rain and snow. Cloudy, with a high near 44. South wind around 10 mph. Chance of precipitation is 80%. New rainfall amounts less than a tenth of an inch possible."
Rylan Fischer,3/17/2024,Sunset Tavern,Music,Fremont / Ballard,"Rain. Cloudy, with a high near 44. South wind 12 to 15 mph. Chance of precipitation is 80%. New rainfall amounts less than a tenth of an inch possible."
Umphrey’s McGee,3/17/2024,The Showbox,Music,Downtown,"Rain. Cloudy. High near 46, with temperatures falling to around 44 in the afternoon. South wind around 10 mph. Chance of precipitation is 80%. New rainfall amounts less than a tenth of an inch possible."
’68,3/18/2024,Funhouse,Music,Capitol Hill / Central District,Error fetching weather
Jimmy Chamberlin Complex,3/18/2024,Neumos,Music,Capitol Hill / Central District,"Rain and snow. Cloudy, with a high near 44. South wind around 9 mph. Chance of precipitation is 80%. New rainfall amounts less than a tenth of an inch possible."
Seattle Kraken vs. Buffalo Sabres,3/18/2024,Climate Pledge Arena,Sports,Queen Anne / Seattle Center,"Rain. Cloudy. High near 45, with temperatures falling to around 43 in the afternoon. South wind around 10 mph. Chance of precipitation is 80%. New rainfall amounts less than a tenth of an inch possible."
Taste Washington: No Frills,3/18/2024,"Seattle, WA",Festivals & Special Events,Downtown,"Rain and snow. Cloudy, with a high near 43. South wind around 9 mph. Chance of precipitation is 80%. New rainfall amounts less than a tenth of an inch possible."
Ana Tijoux,3/19/2024,The Crocodile,Music,Downtown,"Rain. Cloudy. High near 45, with temperatures falling to around 43 in the afternoon. South wind around 10 mph. Chance of precipitation is 80%. New rainfall amounts less than a tenth of an inch possible."
Darkest Hour,3/19/2024,El Corazon,Music,Downtown,"Rain and snow. Cloudy, with a high near 43. South wind around 9 mph. Chance of precipitation is 80%. New rainfall amounts less than a tenth of an inch possible."
Dragontail Peak,3/19/2024,High Dive,Music,Fremont / Ballard,"Rain and snow. Cloudy, with a high near 44. South wind around 10 mph. Chance of precipitation is 80%. New rainfall amounts less than a tenth of an inch possible."
El Perro del Mar,3/19/2024,Barboza,Music,Capitol Hill / Central District,"Rain and snow. Cloudy, with a high near 44. South wind around 9 mph. Chance of precipitation is 80%. New rainfall amounts less than a tenth of an inch possible."
Letterkenny,3/19/2024,Showbox SoDo,Theatre,Pioneer Square,"Rain. Cloudy, with a high near 45. South wind around 9 mph. Chance of precipitation is 80%. New rainfall amounts less than a tenth of an inch possible."
True Loves,3/19/2024,Dimitriou's Jazz Alley,Music,Downtown,"Rain. Cloudy. High near 46, with temperatures falling to around 44 in the afternoon. South wind around 10 mph. Chance of precipitation is 80%. New rainfall amounts less than a tenth of an inch possible."
Combichrist,3/20/2024,El Corazon,Music,Downtown,"Rain and snow. Cloudy, with a high near 43. South wind around 9 mph. Chance of precipitation is 80%. New rainfall amounts less than a tenth of an inch possible."
Jon Vinyl,3/20/2024,Barboza,Music,Capitol Hill / Central District,"Rain and snow. Cloudy, with a high near 44. South wind around 9 mph. Chance of precipitation is 80%. New rainfall amounts less than a tenth of an inch possible."
Mayuan Poet,3/20/2024,Neumos,Music,Capitol Hill / Central District,"Rain and snow. Cloudy, with a high near 44. South wind around 9 mph. Chance of precipitation is 80%. New rainfall amounts less than a tenth of an inch possible."
The Forensic Archive of Landscapes: Paloma Contreras Lomas,3/20/2024,Seattle Art Museum,Museums,Downtown,"Rain. Cloudy. High near 46, with temperatures falling to around 44 in the afternoon. South wind around 10 mph. Chance of precipitation is 80%. New rainfall amounts less than a tenth of an inch possible."
Flyana Boss,3/21/2024,Barboza,Music,Capitol Hill / Central District,"Rain and snow. Cloudy, with a high near 44. South wind around 9 mph. Chance of precipitation is 80%. New rainfall amounts less than a tenth of an inch possible."
glass beach,3/21/2024,Neumos,Music,Capitol Hill / Central District,"Rain and snow. Cloudy, with a high near 44. South wind around 9 mph. Chance of precipitation is 80%. New rainfall amounts less than a tenth of an inch possible."
Barely Alive,3/22/2024,The Showbox,Music,Downtown,"Rain. Cloudy. High near 46, with temperatures falling to around 44 in the afternoon. South wind around 10 mph. Chance of precipitation is 80%. New rainfall amounts less than a tenth of an inch possible."
Dadi Freyr,3/22/2024,Showbox SoDo,Music,Pioneer Square,"Rain. Cloudy, with a high near 45. South wind around 9 mph. Chance of precipitation is 80%. New rainfall amounts less than a tenth of an inch possible."
Taste Washington: Dinner Series,3/21/2024 through 3/23/2024,"Seattle, WA",Festivals & Special Events,Downtown,"Rain and snow. Cloudy, with a high near 43. South wind around 9 mph. Chance of precipitation is 80%. New rainfall amounts less than a tenth of an inch possible."
Alkaline Trio,3/23/2024,Showbox SoDo,Music,Pioneer Square,"Rain. Cloudy, with a high near 45. South wind around 9 mph. Chance of precipitation is 80%. New rainfall amounts less than a tenth of an inch possible."
An Encomium for Doug Crutchfield,3/23/2024,National Nordic Museum,Museums,Fremont / Ballard,"Rain. Cloudy, with a high near 44. South wind 12 to 15 mph. Chance of precipitation is 80%. New rainfall amounts less than a tenth of an inch possible."
Jennifer Hartswick Band,3/23/2024,High Dive,Music,Fremont / Ballard,"Rain and snow. Cloudy, with a high near 44. South wind around 10 mph. Chance of precipitation is 80%. New rainfall amounts less than a tenth of an inch possible."
Monster Energy AMA Supercross!,3/23/2024,Lumen Field,Festivals & Special Events,Pioneer Square,"Rain and snow. Cloudy, with a high near 44. South wind around 9 mph. Chance of precipitation is 80%. New rainfall amounts less than a tenth of an inch possible."
Tacoma Stars vs. Empire Strykers,3/23/2024,accesso ShoWare Center,Sports,South,Error fetching weather
Something’s Afoot,3/1/2024 through 3/24/2024,The 5th Avenue Theatre,Theatre,Downtown,Error fetching weather
One Thousand Pieces,3/15/2024 through 3/24/2024,Marion Oliver McCaw Hall,Dance,Queen Anne / Seattle Center,"Rain. Cloudy. High near 45, with temperatures falling to around 43 in the afternoon. South wind around 10 mph. Chance of precipitation is 80%. New rainfall amounts less than a tenth of an inch possible."
Marcus Miller,3/21/2024 through 3/24/2024,Dimitriou's Jazz Alley,Music,Downtown,"Rain. Cloudy. High near 46, with temperatures falling to around 44 in the afternoon. South wind around 10 mph. Chance of precipitation is 80%. New rainfall amounts less than a tenth of an inch possible."
Simon Trpceski Plays Tchaikovsky,3/21/2024 through 3/24/2024,Benaroya Hall,Music,Downtown,"Rain. Cloudy. High near 46, with temperatures falling to around 44 in the afternoon. South wind around 10 mph. Chance of precipitation is 80%. New rainfall amounts less than a tenth of an inch possible."
Blank Canvas,3/24/2024,High Dive,Music,Fremont / Ballard,"Rain and snow. Cloudy, with a high near 44. South wind around 10 mph. Chance of precipitation is 80%. New rainfall amounts less than a tenth of an inch possible."
Celebrate Holi! Spring Festival of Colors from South Asia,3/24/2024,Burke Museum,Museums,University District,"Rain and snow. Cloudy, with a high near 44. South southeast wind around 9 mph. Chance of precipitation is 80%. New rainfall amounts less than a tenth of an inch possible."
Festal: Seattle’s French Fest,3/24/2024,Seattle Center,Festivals & Special Events,Queen Anne / Seattle Center,"Rain. Cloudy. High near 45, with temperatures falling to around 43 in the afternoon. South wind around 10 mph. Chance of precipitation is 80%. New rainfall amounts less than a tenth of an inch possible."
Kathy Ross: Serious Fun,3/24/2024,Bainbridge Island Museum of Art,Museums,West,Error fetching weather
Seattle Kraken vs. Montreal Canadiens,3/24/2024,Climate Pledge Arena,Sports,Queen Anne / Seattle Center,"Rain. Cloudy. High near 45, with temperatures falling to around 43 in the afternoon. South wind around 10 mph. Chance of precipitation is 80%. New rainfall amounts less than a tenth of an inch possible."
Ann Annie,3/25/2024,High Dive,Music,Fremont / Ballard,"Rain and snow. Cloudy, with a high near 44. South wind around 10 mph. Chance of precipitation is 80%. New rainfall amounts less than a tenth of an inch possible."
Jonah Kagen,3/25/2024,Barboza,Music,Capitol Hill / Central District,"Rain and snow. Cloudy, with a high near 44. South wind around 9 mph. Chance of precipitation is 80%. New rainfall amounts less than a tenth of an inch possible."
Kim Dracula,3/25/2024,Neumos,Music,Capitol Hill / Central District,"Rain and snow. Cloudy, with a high near 44. South wind around 9 mph. Chance of precipitation is 80%. New rainfall amounts less than a tenth of an inch possible."
Tea Obreht,3/25/2024,Elliott Bay Book Company,Readings & Lectures,Capitol Hill / Central District,"Rain and snow. Cloudy, with a high near 44. South wind around 9 mph. Chance of precipitation is 80%. New rainfall amounts less than a tenth of an inch possible."
Seattle Kraken vs. Anaheim Ducks,3/26/2024,Climate Pledge Arena,Sports,Queen Anne / Seattle Center,"Rain. Cloudy. High near 45, with temperatures falling to around 43 in the afternoon. South wind around 10 mph. Chance of precipitation is 80%. New rainfall amounts less than a tenth of an inch possible."
Omar Sosa Quarteto Americanos,3/26/2024 through 3/27/2024,Dimitriou's Jazz Alley,Music,Downtown,"Rain. Cloudy. High near 46, with temperatures falling to around 44 in the afternoon. South wind around 10 mph. Chance of precipitation is 80%. New rainfall amounts less than a tenth of an inch possible."
Jazz Underground,3/27/2024,The Royal Room,Music,South Seattle,"Rain. Cloudy, with a high near 44. South wind around 9 mph. Chance of precipitation is 80%. New rainfall amounts less than a tenth of an inch possible."
Paris Shadows,3/27/2024,High Dive,Music,Fremont / Ballard,"Rain and snow. Cloudy, with a high near 44. South wind around 10 mph. Chance of precipitation is 80%. New rainfall amounts less than a tenth of an inch possible."
Andre Nikatina,3/28/2024,Nectar Lounge,Music,Fremont / Ballard,"Rain and snow. Cloudy, with a high near 44. South wind around 10 mph. Chance of precipitation is 80%. New rainfall amounts less than a tenth of an inch possible."
Foo Gazzi,3/28/2024,High Dive,Music,Fremont / Ballard,"Rain and snow. Cloudy, with a high near 44. South wind around 10 mph. Chance of precipitation is 80%. New rainfall amounts less than a tenth of an inch possible."
Health,3/28/2024,The Showbox,Music,Downtown,"Rain. Cloudy. High near 46, with temperatures falling to around 44 in the afternoon. South wind around 10 mph. Chance of precipitation is 80%. New rainfall amounts less than a tenth of an inch possible."
Seattle Kraken vs. Anaheim Ducks,3/28/2024,Climate Pledge Arena,Sports,Queen Anne / Seattle Center,"Rain. Cloudy. High near 45, with temperatures falling to around 43 in the afternoon. South wind around 10 mph. Chance of precipitation is 80%. New rainfall amounts less than a tenth of an inch possible."
Andy Coe Band,3/29/2024,Nectar Lounge,Music,Fremont / Ballard,"Rain and snow. Cloudy, with a high near 44. South wind around 10 mph. Chance of precipitation is 80%. New rainfall amounts less than a tenth of an inch possible."
DJ DAN with Max Gain,3/29/2024,High Dive,Music,Fremont / Ballard,"Rain and snow. Cloudy, with a high near 44. South wind around 10 mph. Chance of precipitation is 80%. New rainfall amounts less than a tenth of an inch possible."
Hamdi,3/29/2024,The Showbox,Music,Downtown,"Rain. Cloudy. High near 46, with temperatures falling to around 44 in the afternoon. South wind around 10 mph. Chance of precipitation is 80%. New rainfall amounts less than a tenth of an inch possible."
Loud Luxury,3/29/2024,Showbox SoDo,Music,Pioneer Square,"Rain. Cloudy, with a high near 45. South wind around 9 mph. Chance of precipitation is 80%. New rainfall amounts less than a tenth of an inch possible."
SAM Remix,3/29/2024,Seattle Art Museum,Museums,Downtown,"Rain. Cloudy. High near 46, with temperatures falling to around 44 in the afternoon. South wind around 10 mph. Chance of precipitation is 80%. New rainfall amounts less than a tenth of an inch possible."
Tim McGraw,3/29/2024,Climate Pledge Arena,Music,Queen Anne / Seattle Center,"Rain. Cloudy. High near 45, with temperatures falling to around 43 in the afternoon. South wind around 10 mph. Chance of precipitation is 80%. New rainfall amounts less than a tenth of an inch possible."
Fragments of the Sea II,3/7/2024 through 3/30/2024,Gallery 110,Visual Arts & Galleries,Pioneer Square,"Rain and snow. Cloudy, with a high near 44. South wind around 9 mph. Chance of precipitation is 80%. New rainfall amounts less than a tenth of an inch possible."
Harold and the Purple Crayon,3/23/2024 through 3/30/2024,Marion Oliver McCaw Hall,Dance,Queen Anne / Seattle Center,"Rain. Cloudy. High near 45, with temperatures falling to around 43 in the afternoon. South wind around 10 mph. Chance of precipitation is 80%. New rainfall amounts less than a tenth of an inch possible."
Cowboy Disco,3/30/2024,High Dive,Music,Fremont / Ballard,"Rain and snow. Cloudy, with a high near 44. South wind around 10 mph. Chance of precipitation is 80%. New rainfall amounts less than a tenth of an inch possible."
Danny Brown,3/30/2024,The Showbox,Music,Downtown,"Rain. Cloudy. High near 46, with temperatures falling to around 44 in the afternoon. South wind around 10 mph. Chance of precipitation is 80%. New rainfall amounts less than a tenth of an inch possible."
Monster Jam,3/30/2024,Lumen Field,Festivals & Special Events,Pioneer Square,"Rain and snow. Cloudy, with a high near 44. South wind around 9 mph. Chance of precipitation is 80%. New rainfall amounts less than a tenth of an inch possible."
Seattle Kraken vs. Dallas Stars,3/30/2024,Climate Pledge Arena,Sports,Queen Anne / Seattle Center,"Rain. Cloudy. High near 45, with temperatures falling to around 43 in the afternoon. South wind around 10 mph. Chance of precipitation is 80%. New rainfall amounts less than a tenth of an inch possible."
Timmy Trumpet’s Freakshow,3/30/2024,Showbox SoDo,Music,Pioneer Square,"Rain. Cloudy, with a high near 45. South wind around 9 mph. Chance of precipitation is 80%. New rainfall amounts less than a tenth of an inch possible."
Illuminate: Glass Art for Early Learners,Now through 3/31/2024,Museum of Glass,Museums,South,Error fetching weather
Al Young’s 1970 Dodge Challenger Drag Racer,Now through 3/31/2024,Museum of History & Industry,Museums,Queen Anne / Seattle Center,"Rain and snow. Cloudy, with a high near 43. South wind around 9 mph. Chance of precipitation is 80%. New rainfall amounts less than a tenth of an inch possible."
Shine On Seattle,Now through 3/31/2024,Pioneer Square,Festivals & Special Events,Pioneer Square,"Rain and snow. Cloudy, with a high near 44. South wind around 9 mph. Chance of precipitation is 80%. New rainfall amounts less than a tenth of an inch possible."
Exhibition Tour: Calder,Now through 3/31/2024,Seattle Art Museum,Museums,Downtown,"Rain. Cloudy. High near 46, with temperatures falling to around 44 in the afternoon. South wind around 10 mph. Chance of precipitation is 80%. New rainfall amounts less than a tenth of an inch possible."
Public Tour: Highlights from SAM’s Collection,Now through 3/31/2024,Seattle Art Museum,Museums,Downtown,"Rain. Cloudy. High near 46, with temperatures falling to around 44 in the afternoon. South wind around 10 mph. Chance of precipitation is 80%. New rainfall amounts less than a tenth of an inch possible."
Public Tour: Journeys Through Time and Space,Now through 3/31/2024,Seattle Asian Art Museum,Museums,Capitol Hill / Central District,"Rain and snow. Cloudy, with a high near 43. South wind around 9 mph. Chance of precipitation is 80%. New rainfall amounts less than a tenth of an inch possible."
Sanctuary City,3/1/2024 through 3/31/2024,Seattle Rep,Theatre,Queen Anne / Seattle Center,Error fetching weather
Stew,3/15/2024 through 3/31/2024,ACT Theatre,Theatre,Downtown,"Rain and snow. Cloudy, with a high near 44. South wind around 9 mph. Chance of precipitation is 80%. New rainfall amounts less than a tenth of an inch possible."
Sakura-Con 2024,3/29/2024 through 3/31/2024,Seattle Convention Center,Festivals & Special Events,Downtown,"Rain and snow. Cloudy, with a high near 44. South wind around 9 mph. Chance of precipitation is 80%. New rainfall amounts less than a tenth of an inch possible."
Noize MC,4/1/2024,The Showbox,Music,Downtown,"Rain. Cloudy. High near 46, with temperatures falling to around 44 in the afternoon. South wind around 10 mph. Chance of precipitation is 80%. New rainfall amounts less than a tenth of an inch possible."
Joey Harkum,4/2/2024,High Dive,Music,Fremont / Ballard,"Rain and snow. Cloudy, with a high near 44. South wind around 10 mph. Chance of precipitation is 80%. New rainfall amounts less than a tenth of an inch possible."
The 350’s,4/2/2024,Sea Monster Lounge,Music,Wallingford / Greenlake,"Rain and snow. Cloudy, with a high near 43. South southeast wind around 9 mph. Chance of precipitation is 80%. New rainfall amounts less than a tenth of an inch possible."
Sleater-Kinney,4/2/2024 through 4/3/2024,The Showbox,Music,Downtown,"Rain. Cloudy. High near 46, with temperatures falling to around 44 in the afternoon. South wind around 10 mph. Chance of precipitation is 80%. New rainfall amounts less than a tenth of an inch possible."
Hippie Sabotage,4/3/2024,Showbox SoDo,Music,Pioneer Square,"Rain. Cloudy, with a high near 45. South wind around 9 mph. Chance of precipitation is 80%. New rainfall amounts less than a tenth of an inch possible."
Aan,4/4/2024,Sunset Tavern,Music,Fremont / Ballard,"Rain. Cloudy, with a high near 44. South wind 12 to 15 mph. Chance of precipitation is 80%. New rainfall amounts less than a tenth of an inch possible."
Luis Miguel,4/4/2024,Climate Pledge Arena,Music,Queen Anne / Seattle Center,"Rain. Cloudy. High near 45, with temperatures falling to around 43 in the afternoon. South wind around 10 mph. Chance of precipitation is 80%. New rainfall amounts less than a tenth of an inch possible."
Taylor Raven and Duke Kim in Recital,4/4/2024,Opera Center,Music,Queen Anne / Seattle Center,"Rain. Cloudy. High near 45, with temperatures falling to around 43 in the afternoon. South wind around 10 mph. Chance of precipitation is 80%. New rainfall amounts less than a tenth of an inch possible."
Arizona Zervas,4/5/2024,Nectar Lounge,Music,Fremont / Ballard,"Rain and snow. Cloudy, with a high near 44. South wind around 10 mph. Chance of precipitation is 80%. New rainfall amounts less than a tenth of an inch possible."
GARZA of Thievery Corporation,4/5/2024,Nectar Lounge,Music,Fremont / Ballard,"Rain and snow. Cloudy, with a high near 44. South wind around 10 mph. Chance of precipitation is 80%. New rainfall amounts less than a tenth of an inch possible."
Jo Koy,4/5/2024,Climate Pledge Arena,Theatre,Queen Anne / Seattle Center,"Rain. Cloudy. High near 45, with temperatures falling to around 43 in the afternoon. South wind around 10 mph. Chance of precipitation is 80%. New rainfall amounts less than a tenth of an inch possible."
R.A.P. Ferreira,4/5/2024,High Dive,Music,Fremont / Ballard,"Rain and snow. Cloudy, with a high near 44. South wind around 10 mph. Chance of precipitation is 80%. New rainfall amounts less than a tenth of an inch possible."
The Veronicas,4/5/2024,The Showbox,Music,Downtown,"Rain. Cloudy. High near 46, with temperatures falling to around 44 in the afternoon. South wind around 10 mph. Chance of precipitation is 80%. New rainfall amounts less than a tenth of an inch possible."
Weep Wave,4/5/2024,Sunset Tavern,Music,Fremont / Ballard,"Rain. Cloudy, with a high near 44. South wind 12 to 15 mph. Chance of precipitation is 80%. New rainfall amounts less than a tenth of an inch possible."
XAVI,4/5/2024,Showbox SoDo,Music,Pioneer Square,"Rain. Cloudy, with a high near 45. South wind around 9 mph. Chance of precipitation is 80%. New rainfall amounts less than a tenth of an inch possible."
Copland Appalachian Spring,4/4/2024 through 4/6/2024,Benaroya Hall,Music,Downtown,"Rain. Cloudy. High near 46, with temperatures falling to around 44 in the afternoon. South wind around 10 mph. Chance of precipitation is 80%. New rainfall amounts less than a tenth of an inch possible."
Asher Roth,4/6/2024,Nectar Lounge,Music,Fremont / Ballard,"Rain and snow. Cloudy, with a high near 44. South wind around 10 mph. Chance of precipitation is 80%. New rainfall amounts less than a tenth of an inch possible."
Peekaboo,4/6/2024,Showbox SoDo,Music,Pioneer Square,"Rain. Cloudy, with a high near 45. South wind around 9 mph. Chance of precipitation is 80%. New rainfall amounts less than a tenth of an inch possible."
Red Bull Lords of Floor,4/6/2024,WaMu Theater,Dance,Pioneer Square,"Rain. Cloudy, with a high near 45. South wind around 9 mph. Chance of precipitation is 80%. New rainfall amounts less than a tenth of an inch possible."
Seattle Sounders FC vs. CF Montreal,4/6/2024,Lumen Field,Sports,Pioneer Square,"Rain and snow. Cloudy, with a high near 44. South wind around 9 mph. Chance of precipitation is 80%. New rainfall amounts less than a tenth of an inch possible."
Sultan and Shepard,4/6/2024,The Showbox,Music,Downtown,"Rain. Cloudy. High near 46, with temperatures falling to around 44 in the afternoon. South wind around 10 mph. Chance of precipitation is 80%. New rainfall amounts less than a tenth of an inch possible."
Tom Segura,4/6/2024,Climate Pledge Arena,Theatre,Queen Anne / Seattle Center,"Rain. Cloudy. High near 45, with temperatures falling to around 43 in the afternoon. South wind around 10 mph. Chance of precipitation is 80%. New rainfall amounts less than a tenth of an inch possible."
La Vaughn Belle: A History of Unruly Returns,Now through 4/7/2024,National Nordic Museum,Museums,Fremont / Ballard,"Rain. Cloudy, with a high near 44. South wind 12 to 15 mph. Chance of precipitation is 80%. New rainfall amounts less than a tenth of an inch possible."
Beetlejuice,4/2/2024 through 4/7/2024,The Paramount Theatre,Theatre,Downtown,Error fetching weather
31 Nights,4/7/2024,High Dive,Music,Fremont / Ballard,"Rain and snow. Cloudy, with a high near 44. South wind around 10 mph. Chance of precipitation is 80%. New rainfall amounts less than a tenth of an inch possible."
Mom Jeans,4/7/2024,Showbox SoDo,Music,Pioneer Square,"Rain. Cloudy, with a high near 45. South wind around 9 mph. Chance of precipitation is 80%. New rainfall amounts less than a tenth of an inch possible."
Re + Re-TROS North America Tour,4/7/2024,The Showbox,Music,Downtown,"Rain. Cloudy. High near 46, with temperatures falling to around 44 in the afternoon. South wind around 10 mph. Chance of precipitation is 80%. New rainfall amounts less than a tenth of an inch possible."
American Broke,4/9/2024,Sunset Tavern,Music,Fremont / Ballard,"Rain. Cloudy, with a high near 44. South wind 12 to 15 mph. Chance of precipitation is 80%. New rainfall amounts less than a tenth of an inch possible."
Seattle Kraken vs. Arizona Coyotes,4/9/2024,Climate Pledge Arena,Sports,Queen Anne / Seattle Center,"Rain. Cloudy. High near 45, with temperatures falling to around 43 in the afternoon. South wind around 10 mph. Chance of precipitation is 80%. New rainfall amounts less than a tenth of an inch possible."
Alice Phoebe Lou,4/10/2024,The Showbox,Music,Downtown,"Rain. Cloudy. High near 46, with temperatures falling to around 44 in the afternoon. South wind around 10 mph. Chance of precipitation is 80%. New rainfall amounts less than a tenth of an inch possible."
All of Our Cornbread,4/10/2024,Sunset Tavern,Music,Fremont / Ballard,"Rain. Cloudy, with a high near 44. South wind 12 to 15 mph. Chance of precipitation is 80%. New rainfall amounts less than a tenth of an inch possible."
Hot Rod,4/10/2024,Sea Monster Lounge,Music,Wallingford / Greenlake,"Rain and snow. Cloudy, with a high near 43. South southeast wind around 9 mph. Chance of precipitation is 80%. New rainfall amounts less than a tenth of an inch possible."
Hurricane Dreamz,4/10/2024,Sea Monster Lounge,Music,Wallingford / Greenlake,"Rain and snow. Cloudy, with a high near 43. South southeast wind around 9 mph. Chance of precipitation is 80%. New rainfall amounts less than a tenth of an inch possible."
Seattle Kraken vs. San Jose Sharks,4/11/2024,Climate Pledge Arena,Sports,Queen Anne / Seattle Center,"Rain. Cloudy. High near 45, with temperatures falling to around 43 in the afternoon. South wind around 10 mph. Chance of precipitation is 80%. New rainfall amounts less than a tenth of an inch possible."
Set It Off,4/12/2024,The Showbox,Music,Downtown,"Rain. Cloudy. High near 46, with temperatures falling to around 44 in the afternoon. South wind around 10 mph. Chance of precipitation is 80%. New rainfall amounts less than a tenth of an inch possible."
The Percussion: Sounds from Home,4/12/2024 through 4/13/2024,Benaroya Hall,Music,Downtown,"Rain. Cloudy. High near 46, with temperatures falling to around 44 in the afternoon. South wind around 10 mph. Chance of precipitation is 80%. New rainfall amounts less than a tenth of an inch possible."
Afrobeats to the World,4/13/2024,The Crocodile,Music,Downtown,"Rain. Cloudy. High near 45, with temperatures falling to around 43 in the afternoon. South wind around 10 mph. Chance of precipitation is 80%. New rainfall amounts less than a tenth of an inch possible."
Squirt,4/13/2024,Slim's Last Chance,Music,South Seattle,"Rain. Cloudy, with a high near 45. South wind around 9 mph. Chance of precipitation is 80%. New rainfall amounts less than a tenth of an inch possible."
Tina Fey and Amy Poehler: Restless Leg Tour,4/13/2024,WaMu Theater,Theatre,Pioneer Square,"Rain. Cloudy, with a high near 45. South wind around 9 mph. Chance of precipitation is 80%. New rainfall amounts less than a tenth of an inch possible."
Honoring 50 Years of Papunya Tula Painting,Now through 4/14/2024,Seattle Art Museum,Museums,Downtown,"Rain. Cloudy. High near 46, with temperatures falling to around 44 in the afternoon. South wind around 10 mph. Chance of precipitation is 80%. New rainfall amounts less than a tenth of an inch possible."
The Moors,3/22/2024 through 4/14/2024,Seattle Public Theater,Theatre,Wallingford / Greenlake,"Rain and snow. Cloudy, with a high near 43. South southeast wind around 9 mph. Chance of precipitation is 80%. New rainfall amounts less than a tenth of an inch possible."
Mahler Symphony No. 3,4/11/2024 through 4/14/2024,Benaroya Hall,Music,Downtown,"Rain. Cloudy. High near 46, with temperatures falling to around 44 in the afternoon. South wind around 10 mph. Chance of precipitation is 80%. New rainfall amounts less than a tenth of an inch possible."
Festal: Seattle Cherry Blossom & Japanese Cultural Festival,4/12/2024 through 4/14/2024,Seattle Center,Festivals & Special Events,Queen Anne / Seattle Center,"Rain. Cloudy. High near 45, with temperatures falling to around 43 in the afternoon. South wind around 10 mph. Chance of precipitation is 80%. New rainfall amounts less than a tenth of an inch possible."
Best of the Northwest Spring Show,4/13/2024 through 4/14/2024,Magnuson Park,Festivals & Special Events,University District,"Rain and snow. Cloudy. High near 45, with temperatures falling to around 43 in the afternoon. South southeast wind around 7 mph. Chance of precipitation is 80%. New rainfall amounts less than a tenth of an inch possible."
An Evening with Jinjoo Cho,4/19/2024,415 Westlake,Music,Queen Anne / Seattle Center,"Rain and snow. Cloudy, with a high near 43. South wind around 9 mph. Chance of precipitation is 80%. New rainfall amounts less than a tenth of an inch possible."
Dvorak Symphony No. 6,4/18/2024 through 4/20/2024,Benaroya Hall,Music,Downtown,"Rain. Cloudy. High near 46, with temperatures falling to around 44 in the afternoon. South wind around 10 mph. Chance of precipitation is 80%. New rainfall amounts less than a tenth of an inch possible."
Seattle Sounders FC vs. Vancouver Whitecaps FC,4/20/2024,Lumen Field,Sports,Pioneer Square,"Rain and snow. Cloudy, with a high near 44. South wind around 9 mph. Chance of precipitation is 80%. New rainfall amounts less than a tenth of an inch possible."
The Seasons’ Canon,4/12/2024 through 4/21/2024,Marion Oliver McCaw Hall,Dance,Queen Anne / Seattle Center,"Rain. Cloudy. High near 45, with temperatures falling to around 43 in the afternoon. South wind around 10 mph. Chance of precipitation is 80%. New rainfall amounts less than a tenth of an inch possible."
DRUM TAO 30th Anniversary,4/22/2024,Benaroya Hall,Music,Downtown,"Rain. Cloudy. High near 46, with temperatures falling to around 44 in the afternoon. South wind around 10 mph. Chance of precipitation is 80%. New rainfall amounts less than a tenth of an inch possible."
AJR,4/26/2024,Climate Pledge Arena,Music,Queen Anne / Seattle Center,"Rain. Cloudy. High near 45, with temperatures falling to around 43 in the afternoon. South wind around 10 mph. Chance of precipitation is 80%. New rainfall amounts less than a tenth of an inch possible."
Seattle Restaurant Week,4/14/2024 through 4/27/2024,"Seattle, WA",Festivals & Special Events,Downtown,"Rain and snow. Cloudy, with a high near 43. South wind around 9 mph. Chance of precipitation is 80%. New rainfall amounts less than a tenth of an inch possible."
Disney’s Aladdin,4/24/2024 through 4/28/2024,The Paramount Theatre,Theatre,Downtown,Error fetching weather
Antarctic Symphony,4/25/2024 through 4/28/2024,Benaroya Hall,Music,Downtown,"Rain. Cloudy. High near 46, with temperatures falling to around 44 in the afternoon. South wind around 10 mph. Chance of precipitation is 80%. New rainfall amounts less than a tenth of an inch possible."
Skagit Valley Tulip Festival,4/1/2024 through 4/30/2024,Skagit Valley Tulip Festival,Festivals & Special Events,North,Error fetching weather
My Dinner with SAM,5/2/2024,Olympic Sculpture Park,Museums,Downtown,"Rain. Cloudy. High near 45, with temperatures falling to around 43 in the afternoon. South wind around 10 mph. Chance of precipitation is 80%. New rainfall amounts less than a tenth of an inch possible."
Noah Geller’s Playlist,5/3/2024 through 5/4/2024,Benaroya Hall,Music,Downtown,"Rain. Cloudy. High near 46, with temperatures falling to around 44 in the afternoon. South wind around 10 mph. Chance of precipitation is 80%. New rainfall amounts less than a tenth of an inch possible."
Broadway Spectacular,5/4/2024,Cornish Playhouse at Seattle Center,Music,Queen Anne / Seattle Center,Error fetching weather
Festal: Asian Pacific Islander Heritage Month Celebration,5/4/2024,Seattle Center,Festivals & Special Events,Queen Anne / Seattle Center,"Rain. Cloudy. High near 45, with temperatures falling to around 43 in the afternoon. South wind around 10 mph. Chance of precipitation is 80%. New rainfall amounts less than a tenth of an inch possible."
Opening Day of Boating Season,5/4/2024,Seattle Yacht Club,Festivals & Special Events,University District,"Rain and snow. Cloudy, with a high near 44. South southeast wind around 9 mph. Chance of precipitation is 80%. New rainfall amounts less than a tenth of an inch possible."
Jessica Jackson Hutchins: Wrecked and Righteous,Now through 5/5/2024,Frye Art Museum,Museums,Capitol Hill / Central District,"Rain and snow. Cloudy, with a high near 44. South wind around 9 mph. Chance of precipitation is 80%. New rainfall amounts less than a tenth of an inch possible."
The Lion Tells His Tale,5/1/2024 through 5/5/2024,Broadway Performance Hall,Theatre,Capitol Hill / Central District,"Rain and snow. Cloudy, with a high near 44. South wind around 9 mph. Chance of precipitation is 80%. New rainfall amounts less than a tenth of an inch possible."
Seattle Sounders FC vs. LA Galaxy,5/5/2024,Lumen Field,Sports,Pioneer Square,"Rain and snow. Cloudy, with a high near 44. South wind around 9 mph. Chance of precipitation is 80%. New rainfall amounts less than a tenth of an inch possible."
Melanie Martinez,5/10/2024,Climate Pledge Arena,Music,Queen Anne / Seattle Center,"Rain. Cloudy. High near 45, with temperatures falling to around 43 in the afternoon. South wind around 10 mph. Chance of precipitation is 80%. New rainfall amounts less than a tenth of an inch possible."
Festal: Spirit of Africa,5/11/2024,Seattle Center,Festivals & Special Events,Queen Anne / Seattle Center,"Rain. Cloudy. High near 45, with temperatures falling to around 43 in the afternoon. South wind around 10 mph. Chance of precipitation is 80%. New rainfall amounts less than a tenth of an inch possible."
"Guma’ Gela:  Part Land, Part Sea, All Ancestry",Now through 5/12/2024,Wing Luke Museum,Museums,International District,"Rain and snow. Cloudy, with a high near 44. South wind around 9 mph. Chance of precipitation is 80%. New rainfall amounts less than a tenth of an inch possible."
Jaune Quick-to-See Smith: Memory Map,2/29/2024 through 5/12/2024,Seattle Art Museum,Museums,Downtown,"Rain. Cloudy. High near 46, with temperatures falling to around 44 in the afternoon. South wind around 10 mph. Chance of precipitation is 80%. New rainfall amounts less than a tenth of an inch possible."
Fat Ham,4/12/2024 through 5/12/2024,Seattle Rep,Theatre,Queen Anne / Seattle Center,Error fetching weather
A Tale of Peter Rabbit,4/25/2024 through 5/12/2024,Seattle Children's Theatre,Theatre,Queen Anne / Seattle Center,"Rain. Cloudy. High near 45, with temperatures falling to around 43 in the afternoon. South wind around 10 mph. Chance of precipitation is 80%. New rainfall amounts less than a tenth of an inch possible."
The Lehman Trilogy,4/26/2024 through 5/12/2024,ACT Theatre,Theatre,Downtown,"Rain and snow. Cloudy, with a high near 44. South wind around 9 mph. Chance of precipitation is 80%. New rainfall amounts less than a tenth of an inch possible."
The Untold Story of Sharks | National Geographic Live,5/12/2024 through 5/14/2024,Benaroya Hall,Readings & Lectures,Downtown,"Rain. Cloudy. High near 46, with temperatures falling to around 44 in the afternoon. South wind around 10 mph. Chance of precipitation is 80%. New rainfall amounts less than a tenth of an inch possible."
Seattle Storm vs Minnesota Lynx,5/14/2024,Climate Pledge Arena,Sports,Queen Anne / Seattle Center,"Rain. Cloudy. High near 45, with temperatures falling to around 43 in the afternoon. South wind around 10 mph. Chance of precipitation is 80%. New rainfall amounts less than a tenth of an inch possible."
The Rolling Stones,5/15/2024,Lumen Field,Music,Pioneer Square,"Rain and snow. Cloudy, with a high near 44. South wind around 9 mph. Chance of precipitation is 80%. New rainfall amounts less than a tenth of an inch possible."
Mother,5/17/2024,415 Westlake,Music,Queen Anne / Seattle Center,"Rain and snow. Cloudy, with a high near 43. South wind around 9 mph. Chance of precipitation is 80%. New rainfall amounts less than a tenth of an inch possible."
Barber Violin Concerto,5/16/2024 through 5/18/2024,Benaroya Hall,Music,Downtown,"Rain. Cloudy. High near 46, with temperatures falling to around 44 in the afternoon. South wind around 10 mph. Chance of precipitation is 80%. New rainfall amounts less than a tenth of an inch possible."
Festal: A Glimpse of China – Seattle Chinese Culture & Arts Festival,5/18/2024,"Seattle, WA",Festivals & Special Events,Downtown,"Rain and snow. Cloudy, with a high near 43. South wind around 9 mph. Chance of precipitation is 80%. New rainfall amounts less than a tenth of an inch possible."
Seattle Sounders FC vs. Vancouver Whitecaps FC,5/18/2024,Lumen Field,Sports,Pioneer Square,"Rain and snow. Cloudy, with a high near 44. South wind around 9 mph. Chance of precipitation is 80%. New rainfall amounts less than a tenth of an inch possible."
Seattle International Film Festival,5/9/2024 through 5/19/2024,"Seattle, WA",Festivals & Special Events,Downtown,"Rain and snow. Cloudy, with a high near 43. South wind around 9 mph. Chance of precipitation is 80%. New rainfall amounts less than a tenth of an inch possible."
U District Street Fair,5/18/2024 through 5/19/2024,"Seattle, WA",Festivals & Special Events,Downtown,"Rain and snow. Cloudy, with a high near 43. South wind around 9 mph. Chance of precipitation is 80%. New rainfall amounts less than a tenth of an inch possible."
Madness,5/22/2024,WaMu Theater,Music,Pioneer Square,"Rain. Cloudy, with a high near 45. South wind around 9 mph. Chance of precipitation is 80%. New rainfall amounts less than a tenth of an inch possible."
Seattle Storm vs. Indiana Fever,5/22/2024,Climate Pledge Arena,Sports,Queen Anne / Seattle Center,"Rain. Cloudy. High near 45, with temperatures falling to around 43 in the afternoon. South wind around 10 mph. Chance of precipitation is 80%. New rainfall amounts less than a tenth of an inch possible."
The Barber of Seville,5/4/2024 through 5/24/2024,Marion Oliver McCaw Hall,Music,Queen Anne / Seattle Center,"Rain. Cloudy. High near 45, with temperatures falling to around 43 in the afternoon. South wind around 10 mph. Chance of precipitation is 80%. New rainfall amounts less than a tenth of an inch possible."
Seattle Storm vs. Washington Mystics,5/25/2024,Climate Pledge Arena,Sports,Queen Anne / Seattle Center,"Rain. Cloudy. High near 45, with temperatures falling to around 43 in the afternoon. South wind around 10 mph. Chance of precipitation is 80%. New rainfall amounts less than a tenth of an inch possible."
53rd Annual Northwest Folklife Festival,5/24/2024 through 5/27/2024,Seattle Center,Festivals & Special Events,Queen Anne / Seattle Center,"Rain. Cloudy. High near 45, with temperatures falling to around 43 in the afternoon. South wind around 10 mph. Chance of precipitation is 80%. New rainfall amounts less than a tenth of an inch possible."
Seattle Sounders FC vs. Real Salt Lake,5/29/2024,Lumen Field,Sports,Pioneer Square,"Rain and snow. Cloudy, with a high near 44. South wind around 9 mph. Chance of precipitation is 80%. New rainfall amounts less than a tenth of an inch possible."
Caifanes and Cafe Tacvba,5/30/2024,WaMu Theater,Music,Pioneer Square,"Rain. Cloudy, with a high near 45. South wind around 9 mph. Chance of precipitation is 80%. New rainfall amounts less than a tenth of an inch possible."
Unriveled,5/10/2024 through 6/2/2024,Seattle Public Theater,Theatre,Wallingford / Greenlake,"Rain and snow. Cloudy, with a high near 43. South southeast wind around 9 mph. Chance of precipitation is 80%. New rainfall amounts less than a tenth of an inch possible."
HONK! Fest West,5/31/2024 through 6/2/2024,"Seattle, WA",Festivals & Special Events,Downtown,"Rain and snow. Cloudy, with a high near 43. South wind around 9 mph. Chance of precipitation is 80%. New rainfall amounts less than a tenth of an inch possible."
Festal: Pagdiriwang Philippine Festival,6/1/2024 through 6/2/2024,Seattle Center,Festivals & Special Events,Queen Anne / Seattle Center,"Rain. Cloudy. High near 45, with temperatures falling to around 43 in the afternoon. South wind around 10 mph. Chance of precipitation is 80%. New rainfall amounts less than a tenth of an inch possible."
Seattle Storm vs. Phoenix Mercury,6/4/2024,Climate Pledge Arena,Sports,Queen Anne / Seattle Center,"Rain. Cloudy. High near 45, with temperatures falling to around 43 in the afternoon. South wind around 10 mph. Chance of precipitation is 80%. New rainfall amounts less than a tenth of an inch possible."
Festal: Indigenous People Festival,6/8/2024,Seattle Center,Festivals & Special Events,Queen Anne / Seattle Center,"Rain. Cloudy. High near 45, with temperatures falling to around 43 in the afternoon. South wind around 10 mph. Chance of precipitation is 80%. New rainfall amounts less than a tenth of an inch possible."
George Balenchine’s Coppelia,5/31/2024 through 6/9/2024,Marion Oliver McCaw Hall,Dance,Queen Anne / Seattle Center,"Rain. Cloudy. High near 45, with temperatures falling to around 43 in the afternoon. South wind around 10 mph. Chance of precipitation is 80%. New rainfall amounts less than a tenth of an inch possible."
Jan Lisiecki Plays Prokofiev,6/6/2024 through 6/9/2024,Benaroya Hall,Music,Downtown,"Rain. Cloudy. High near 46, with temperatures falling to around 44 in the afternoon. South wind around 10 mph. Chance of precipitation is 80%. New rainfall amounts less than a tenth of an inch possible."
Seattle Storm vs. Los Angeles Sparks,6/11/2024,Climate Pledge Arena,Sports,Queen Anne / Seattle Center,"Rain. Cloudy. High near 45, with temperatures falling to around 43 in the afternoon. South wind around 10 mph. Chance of precipitation is 80%. New rainfall amounts less than a tenth of an inch possible."
Third Eye Blind,6/13/2024,WaMu Theater,Music,Pioneer Square,"Rain. Cloudy, with a high near 45. South wind around 9 mph. Chance of precipitation is 80%. New rainfall amounts less than a tenth of an inch possible."
Beethoven Symphony No. 5,6/13/2024 through 6/15/2024,Benaroya Hall,Music,Downtown,"Rain. Cloudy. High near 46, with temperatures falling to around 44 in the afternoon. South wind around 10 mph. Chance of precipitation is 80%. New rainfall amounts less than a tenth of an inch possible."
Elizabeth Malaska: All Be Your Mirror,Now through 6/16/2024,Seattle Art Museum,Museums,Downtown,"Rain. Cloudy. High near 46, with temperatures falling to around 44 in the afternoon. South wind around 10 mph. Chance of precipitation is 80%. New rainfall amounts less than a tenth of an inch possible."
ZooTunes: Mother Mother/Cavetown,6/16/2024,Woodland Park Zoo,Music,Wallingford / Greenlake,"Rain and snow. Cloudy, with a high near 43. South southeast wind around 9 mph. Chance of precipitation is 80%. New rainfall amounts less than a tenth of an inch possible."
ZooTunes: Car Seat Headrest,6/20/2024,Woodland Park Zoo,Music,Wallingford / Greenlake,"Rain and snow. Cloudy, with a high near 43. South southeast wind around 9 mph. Chance of precipitation is 80%. New rainfall amounts less than a tenth of an inch possible."
Joshua Bell Plays Elements Concerto,6/20/2024 through 6/22/2024,Benaroya Hall,Music,Downtown,"Rain. Cloudy. High near 46, with temperatures falling to around 44 in the afternoon. South wind around 10 mph. Chance of precipitation is 80%. New rainfall amounts less than a tenth of an inch possible."
Festal: Seattle Iranian Festival,6/22/2024,Seattle Center,Festivals & Special Events,Queen Anne / Seattle Center,"Rain. Cloudy. High near 45, with temperatures falling to around 43 in the afternoon. South wind around 10 mph. Chance of precipitation is 80%. New rainfall amounts less than a tenth of an inch possible."
Seattle Sounders FC vs. Minnesota United FC,6/22/2024,Lumen Field,Sports,Pioneer Square,"Rain and snow. Cloudy, with a high near 44. South wind around 9 mph. Chance of precipitation is 80%. New rainfall amounts less than a tenth of an inch possible."
"Together Again, Again!",5/31/2024 through 6/23/2024,Seattle Rep,Theatre,Queen Anne / Seattle Center,Error fetching weather
2024 KPMG Women’s PGA Championship,6/20/2024 through 6/23/2024,Sahalee Country Club,Sports,Bellevue / Eastside,Error fetching weather
Fremont Fair,6/22/2024 through 6/23/2024,Fremont Fair,Festivals & Special Events,Fremont/ Ballard,Error fetching weather
Lip Sync for Our Rights,6/22/2024 through 6/23/2024,Marion Oliver McCaw Hall,Music,Queen Anne / Seattle Center,"Rain. Cloudy. High near 45, with temperatures falling to around 43 in the afternoon. South wind around 10 mph. Chance of precipitation is 80%. New rainfall amounts less than a tenth of an inch possible."
Seattle Storm vs. Connecticut Sun,6/23/2024,Climate Pledge Arena,Sports,Queen Anne / Seattle Center,"Rain. Cloudy. High near 45, with temperatures falling to around 43 in the afternoon. South wind around 10 mph. Chance of precipitation is 80%. New rainfall amounts less than a tenth of an inch possible."
Seattle Storm vs. Indiana Fever,6/27/2024,Climate Pledge Arena,Sports,Queen Anne / Seattle Center,"Rain. Cloudy. High near 45, with temperatures falling to around 43 in the afternoon. South wind around 10 mph. Chance of precipitation is 80%. New rainfall amounts less than a tenth of an inch possible."
Company,6/23/2024 through 6/28/2024,The Paramount Theatre,Music,Downtown,Error fetching weather
Seattle Storm vs. Dallas Wings,6/29/2024,Climate Pledge Arena,Sports,Queen Anne / Seattle Center,"Rain. Cloudy. High near 45, with temperatures falling to around 43 in the afternoon. South wind around 10 mph. Chance of precipitation is 80%. New rainfall amounts less than a tenth of an inch possible."
Sounders FC vs. Chicago Fire FC,6/29/2024,Lumen Field,Sports,Pioneer Square,"Rain and snow. Cloudy, with a high near 44. South wind around 9 mph. Chance of precipitation is 80%. New rainfall amounts less than a tenth of an inch possible."
2024 University of Washington MFA + MDes Thesis Exhibition,5/24/2024 through 6/30/2024,Henry Art Gallery,Museums,University District,"Rain and snow. Cloudy, with a high near 44. South southeast wind around 9 mph. Chance of precipitation is 80%. New rainfall amounts less than a tenth of an inch possible."
Spring Awakening,6/7/2024 through 6/30/2024,The 5th Avenue Theatre,Theatre,Downtown,Error fetching weather
Girl From The North Country,6/25/2024 through 6/30/2024,The Paramount Theatre,Music,Downtown,Error fetching weather
50th Annual Seattle Pride Parade 2024,6/30/2024,"Seattle, WA",Festivals & Special Events,Downtown,"Rain and snow. Cloudy, with a high near 43. South wind around 9 mph. Chance of precipitation is 80%. New rainfall amounts less than a tenth of an inch possible."
Seattle Storm vs Dallas Wings,7/1/2024,Climate Pledge Arena,Sports,Queen Anne / Seattle Center,"Rain. Cloudy. High near 45, with temperatures falling to around 43 in the afternoon. South wind around 10 mph. Chance of precipitation is 80%. New rainfall amounts less than a tenth of an inch possible."
Amazon Seafair Summer Fourth,7/4/2024,Gas Works Park,Festivals & Special Events,Wallingford / Greenlake,"Rain and snow. Cloudy, with a high near 44. South wind around 8 mph. Chance of precipitation is 80%. New rainfall amounts less than a tenth of an inch possible."
Seattle Storm vs. Chicago Sky,7/5/2024,Climate Pledge Arena,Sports,Queen Anne / Seattle Center,"Rain. Cloudy. High near 45, with temperatures falling to around 43 in the afternoon. South wind around 10 mph. Chance of precipitation is 80%. New rainfall amounts less than a tenth of an inch possible."
Seattle Sounders FC vs. New England Revolution,7/6/2024,Lumen Field,Sports,Pioneer Square,"Rain and snow. Cloudy, with a high near 44. South wind around 9 mph. Chance of precipitation is 80%. New rainfall amounts less than a tenth of an inch possible."
"Anida Yoeu Ali: Hybrid Skin, Mythical Presence",Now through 7/7/2024,Seattle Asian Art Museum,Museums,Capitol Hill / Central District,"Rain and snow. Cloudy, with a high near 43. South wind around 9 mph. Chance of precipitation is 80%. New rainfall amounts less than a tenth of an inch possible."
Seattle Storm vs.Chicago Sky,7/7/2024,Climate Pledge Arena,Sports,Queen Anne / Seattle Center,"Rain. Cloudy. High near 45, with temperatures falling to around 43 in the afternoon. South wind around 10 mph. Chance of precipitation is 80%. New rainfall amounts less than a tenth of an inch possible."
Seattle Storm vs. Las Vegas Aces,7/10/2024,Climate Pledge Arena,Sports,Queen Anne / Seattle Center,"Rain. Cloudy. High near 45, with temperatures falling to around 43 in the afternoon. South wind around 10 mph. Chance of precipitation is 80%. New rainfall amounts less than a tenth of an inch possible."
Seattle Storm vs. Minnesota Lynx,7/12/2024,Climate Pledge Arena,Sports,Queen Anne / Seattle Center,"Rain. Cloudy. High near 45, with temperatures falling to around 43 in the afternoon. South wind around 10 mph. Chance of precipitation is 80%. New rainfall amounts less than a tenth of an inch possible."
Festal: Polish Festival Seattle,7/13/2024,Seattle Center,Festivals & Special Events,Queen Anne / Seattle Center,"Rain. Cloudy. High near 45, with temperatures falling to around 43 in the afternoon. South wind around 10 mph. Chance of precipitation is 80%. New rainfall amounts less than a tenth of an inch possible."
Kenny Chesney with Zac Brown Band,7/13/2024,Lumen Field,Music,Pioneer Square,"Rain and snow. Cloudy, with a high near 44. South wind around 9 mph. Chance of precipitation is 80%. New rainfall amounts less than a tenth of an inch possible."
Ballard SeafoodFest,7/12/2024 through 7/14/2024,Ballard Neighborhood,Festivals & Special Events,Fremont / Ballard,"Rain. Cloudy, with a high near 44. South wind around 10 mph. Chance of precipitation is 80%. New rainfall amounts less than a tenth of an inch possible."
Day In Day Out Festival,7/12/2024 through 7/14/2024,Fisher Pavilion,Music,Queen Anne / Seattle Center,"Rain. Cloudy. High near 45, with temperatures falling to around 43 in the afternoon. South wind around 10 mph. Chance of precipitation is 80%. New rainfall amounts less than a tenth of an inch possible."
Seattle Storm vs. Atlanta Dream,7/14/2024,Climate Pledge Arena,Sports,Queen Anne / Seattle Center,"Rain. Cloudy. High near 45, with temperatures falling to around 43 in the afternoon. South wind around 10 mph. Chance of precipitation is 80%. New rainfall amounts less than a tenth of an inch possible."
Seattle Sounders FC vs. St. Louis SC,7/17/2024,Lumen Field,Sports,Pioneer Square,"Rain and snow. Cloudy, with a high near 44. South wind around 9 mph. Chance of precipitation is 80%. New rainfall amounts less than a tenth of an inch possible."
Seattle Sounders FC vs. Los Angeles FC,7/20/2024,Lumen Field,Sports,Pioneer Square,"Rain and snow. Cloudy, with a high near 44. South wind around 9 mph. Chance of precipitation is 80%. New rainfall amounts less than a tenth of an inch possible."
Nordic Utopia: African Americans in the 20th Century,3/22/2024 through 7/21/2024,National Nordic Museum,Museums,Fremont / Ballard,"Rain. Cloudy, with a high near 44. South wind 12 to 15 mph. Chance of precipitation is 80%. New rainfall amounts less than a tenth of an inch possible."
Clue,7/9/2024 through 7/21/2024,The 5th Avenue Theatre,Theatre,Downtown,Error fetching weather
35th Annual Seafair Indian Days Powwow,7/19/2024 through 7/21/2024,Daybreak Star Indian Cultural Center,Festivals & Special Events,Queen Anne / Seattle Center,Error fetching weather
Capitol Hill Block Party,7/19/2024 through 7/21/2024,Capitol Hill Block Party,Festivals & Special Events,Capitol Hill / Central District,Error fetching weather
Seafair Triathlon,7/21/2024,Seward Park,Festivals & Special Events,South Seattle,"Rain. Cloudy, with a high near 44. South wind around 9 mph. Chance of precipitation is 80%. New rainfall amounts less than a tenth of an inch possible."
ZooTunes: The Roots,7/21/2024,Woodland Park Zoo,Music,Wallingford / Greenlake,"Rain and snow. Cloudy, with a high near 43. South southeast wind around 9 mph. Chance of precipitation is 80%. New rainfall amounts less than a tenth of an inch possible."
ZooTunes: Violent Femmes,7/25/2024,Woodland Park Zoo,Music,Wallingford / Greenlake,"Rain and snow. Cloudy, with a high near 43. South southeast wind around 9 mph. Chance of precipitation is 80%. New rainfall amounts less than a tenth of an inch possible."
Alaska Airlines Torchlight Parade,7/27/2024,Westlake Park,Festivals & Special Events,Downtown,"Rain. Cloudy. High near 46, with temperatures falling to around 44 in the afternoon. South wind around 10 mph. Chance of precipitation is 80%. New rainfall amounts less than a tenth of an inch possible."
"Be Water, My Friend: The Teachings Of Bruce Lee",Now through 7/28/2024,Wing Luke Museum,Museums,International District,"Rain and snow. Cloudy, with a high near 44. South wind around 9 mph. Chance of precipitation is 80%. New rainfall amounts less than a tenth of an inch possible."
Seattle Art Fair,7/25/2024 through 7/28/2024,Lumen Field,Festivals & Special Events,Pioneer Square,"Rain and snow. Cloudy, with a high near 44. South wind around 9 mph. Chance of precipitation is 80%. New rainfall amounts less than a tenth of an inch possible."
Festal: Seattle Arab Festival,7/27/2024 through 7/28/2024,Seattle Center,Festivals & Special Events,Queen Anne / Seattle Center,"Rain. Cloudy. High near 45, with temperatures falling to around 43 in the afternoon. South wind around 10 mph. Chance of precipitation is 80%. New rainfall amounts less than a tenth of an inch possible."
ZooTunes: Norah Jones,7/29/2024,Woodland Park Zoo,Music,Wallingford / Greenlake,"Rain and snow. Cloudy, with a high near 43. South southeast wind around 9 mph. Chance of precipitation is 80%. New rainfall amounts less than a tenth of an inch possible."
